Workbook

Sheet Next process XÓA materil,khắc
A1: f | B1: ChildItemCode | C1: ItemCode | E1: =COUNTIF(B:B,B1) -> 1
B2: 1AP4LP1525JPZA | C2: 1AP0LP1525JPZA | D2: =VLOOKUP(B2,'Rom dung chung'!$C:$C,1,0) -> #N/A | E2: =COUNTIF(B:B,B2) -> 1
B3: 1RE1D820V4 | C3: 1RH1D820V4 | D3: =VLOOKUP(B3,'Rom dung chung'!$C:$C,1,0) -> #N/A | E3: =COUNTIF(B:B,B3) -> 1
B4: 1RH1D820V4 | C4: 1CM1D820V4 | D4: =VLOOKUP(B4,'Rom dung chung'!$C:$C,1,0) -> #N/A | E4: =COUNTIF(B:B,B4) -> 1
B5: 1CM1D820V4 | C5: 1AP1D820V4 | D5: =VLOOKUP(B5,'Rom dung chung'!$C:$C,1,0) -> #N/A | E5: =COUNTIF(B:B,B5) -> 1
B6: 1RE1D921CV4 | C6: 1RH1D921CV4 | D6: =VLOOKUP(B6,'Rom dung chung'!$C:$C,1,0) -> #N/A | E6: =COUNTIF(B:B,B6) -> 1
B7: 1RH1D921CV4 | C7: 1AP1D921CV4 | D7: =VLOOKUP(B7,'Rom dung chung'!$C:$C,1,0) -> #N/A | E7: =COUNTIF(B:B,B7) -> 1
B8: 1RE2F081A | C8: 1AP1F081A | D8: =VLOOKUP(B8,'Rom dung chung'!$C:$C,1,0) -> #N/A | E8: =COUNTIF(B:B,B8) -> 1
B9: 1CM1F220V4 | C9: 1RE2F220V4 | D9: =VLOOKUP(B9,'Rom dung chung'!$C:$C,1,0) -> #N/A | E9: =COUNTIF(B:B,B9) -> 1
B10: 1RE2F220V4 | C10: 1RH1F220V4 | D10: =VLOOKUP(B10,'Rom dung chung'!$C:$C,1,0) -> #N/A | E10: =COUNTIF(B:B,B10) -> 1
B11: 1RH1F220V4 | C11: 1AP1F220V4 | D11: =VLOOKUP(B11,'Rom dung chung'!$C:$C,1,0) -> #N/A | E11: =COUNTIF(B:B,B11) -> 1
B12: 1CM1F222V4 | C12: 1RE2F222V4 | D12: =VLOOKUP(B12,'Rom dung chung'!$C:$C,1,0) -> #N/A | E12: =COUNTIF(B:B,B12) -> 1
B13: 1RE2F222V4 | C13: 1AP1F222V4 | D13: =VLOOKUP(B13,'Rom dung chung'!$C:$C,1,0) -> #N/A | E13: =COUNTIF(B:B,B13) -> 1
... B4345: 1AE1ARBPC1A06880 | C4345: 1RH1ARBPC1A06880 | D4345: =VLOOKUP(B4345,'Rom dung chung'!$C:$C,1,0) -> #N/A | E4345: =COUNTIF(B:B,B4345) -> 1
B4346: 1RH1H603Y3J90BP-FE | C4346: 1CM1H603Y3J90BP-FE | E4346: =COUNTIF(B:B,B4346) -> 1
B4347: 1TE1H603Y3J90BP-FE | C4347: 1RH1H603Y3J90BP-FE | E4347: =COUNTIF(B:B,B4347) -> 1
B4348: 1AE1H603Y3J90BP-FE | C4348: 1TE1H603Y3J90BP-FE | E4348: =COUNTIF(B:B,B4348) -> 1
B4349: 1HT1H603Y3J90BP-FE | C4349: 1AE1H603Y3J90BP-FE | E4349: =COUNTIF(B:B,B4349) -> 1
B4350: 1RH1ARBPC1A03940 | C4350: 1CM1ARBPC1A03942 | E4350: =COUNTIF(B:B,B4350) -> 1
B4351: 1RH1ARBPC1A10775 | C4351: 1CM1ARBPC1A10775 | E4351: =COUNTIF(B:B,B4351) -> 1
B4352: 1AE1ARBPC1A10775 | C4352: 1RH1ARBPC1A10775 | E4352: =COUNTIF(B:B,B4352) -> 1
B4353: 1RE1ARBPC1A10775 | C4353: 1AE1ARBPC1A10775 | E4353: =COUNTIF(B:B,B4353) -> 1
B4354: 1RH1ARBPC1A10784 | C4354: 1CM1ARBPC1A10784 | E4354: =COUNTIF(B:B,B4354) -> 1
B4355: 1AE1ARBPC1A10784 | C4355: 1RH1ARBPC1A10784 | E4355: =COUNTIF(B:B,B4355) -> 1
B4356: 1RE1ARBPC1A10784 | C4356: 1AE1ARBPC1A10784 | E4356: =COUNTIF(B:B,B4356) -> 1
B4357: 1RH1ARBPC1A11952 | C4357: 1CM1ARBPC1A11952 | E4357: =COUNTIF(B:B,B4357) -> 1
... B4470: 1RH1ARBPC1A07320 | C4470: 1CM1ARBPC1A07320 | E4470: =COUNTIF(B:B,B4470) -> 1
B4471: 1AE1ARBPC1A07320 | C4471: 1RH1ARBPC1A07320
B4472: 1RH1ARBPC1A07330 | C4472: 1CM1ARBPC1A07330
B4473: 1AE1ARBPC1A07330 | C4473: 1RH1ARBPC1A07330
B4474: 1CM1ARBP0DA0072A-1 | C4474: 1RH1ARBP0DA0072A-1
B4475: 1RE1ARBP0DA0072A-1 | C4475: 1CM1ARBP0DA0072A-1
B4476: 1AE1ARBPC1A09850 | C4476: 1RH1ARBPC1A09850
B4477: 1RE1ARBPC1A09850 | C4477: 1AE1ARBPC1A09850
B4478: 1CM1ART002T92011 | C4478: 1RH1ART002T92011
B4479: 1RE1ART002T92011 | C4479: 1CM1ART002T92011
B4480: 1CM1ART002T93680 | C4480: 1RH1ART002T93680
B4481: 1RE1ART002T93680 | C4481: 1CM1ART002T93680
B4482: 1CM1ART002T93690 | C4482: 1RH1ART002T93690
... B4945: 1RE1ARBPC1A09213 | C4945: 1AE1ARBPC1A09213

Sheet Previous process
B1: ItemCode | C1: ChildItemCode
B2: JS_E_ITEMCOMPOSITION.ITEMCODE,JS_E_ITEMCOMPOSITION_E3.ITEMCODE | C2: JS_E_ITEMCOMPOSITION.CHILDITEMCODE,JS_E_ITEMCOMPOSITION_E3.CHILDITEMCODE
B3: 0,0,0,1,0005, | C3: 0,0,0,1,0004,
B4: 1AP4LP1525JPZA | C4: Material
B5: 1AP0LP1525JPZA | C5: 1AP4LP1525JPZA
B6: 1RE1D820V4 | C6: Material
B7: 1RH1D820V4 | C7: 1RE1D820V4
B8: 1CM1D820V4 | C8: 1RH1D820V4
B9: 1AP1D820V4 | C9: 1CM1D820V4
B10: 1RE1D921CV4 | C10: Material
B11: 1RH1D921CV4 | C11: 1RE1D921CV4
B12: 1AP1D921CV4 | C12: 1RH1D921CV4
... B5254: 1RE1A607B3J8AP2-P2 | C5254: A6644-3J80
B5255: 1RE2A608B-3J8A-P2 | C5255: 1RE1A608B-3J8A-P2 | H5255: 1RE1SRB20YSZB-V4
B5256: 1RE1A608B-3J8A-P2 | C5256: A6746-3J80 | H5256: PGLB1751TA-WK
B5257: 1RE1SZ200P-V4 | C5257: PGLB2179ZA-4V | H5257: Material
B5258: PGLB2179ZA-4V | C5258: Material | H5258: Material
B5259: 1RE2CC411BP | C5259: 1RE1CC411BP
B5260: 1RE1CC411BP | C5260: PULB1028ZA/V1
B5261: 1RE1CC411BP | C5261: 1VJ1CC411BPBB1
B5262: 1RE1CC411BP | C5262: 3VJ1CC411BPDSP1
B5263: 1VJ1CC411BPBB1 | C5263: Material
B5264: 3VJ1CC411BPDSP1 | C5264: Material | H5264: 1RE1SRC14YSZB-V4
B5265: PULB1028ZA/V1 | C5265: Material | H5265: PGLB1751TA-WK
B5266: 1RE2CC412BP | C5266: 1RE1CC412BP | H5266: Material
B5267: 1RE1CC412BP | C5267: PULB1028ZA/V1
B5268: 1RE1CC412BP | C5268: 3VJ1CC411BPDSP1
B5269: 1RE1CC412BP | C5269: 4VJ1CC412BPBB2
B5270: 1RE1CC412BP | C5270: 5VJ1CC412BPDSP2
B5271: 1RE1CC412BP | C5271: 1VJ1CC411BPBB1
B5272: 4VJ1CC412BPBB2 | C5272: Material
B5273: 5VJ1CC412BPDSP2 | C5273: Material
B5274: 2RE2CC411BP | C5274: 2RE1CC411BP
B5275: 2RE1CC411BP | C5275: PGLB1462YA-GL
B5276: 2RE1CC411BP | C5276: 2VJ1CC411BPUNI1
B5277: 2RE1CC411BP | C5277: 2VJ2CC411BPUNI2
B5278: 2VJ1CC411BPUNI1 | C5278: Material
... B7952: 1RE1ARBPC1A09213 | C7952: Material

Sheet PCB barcode
B1: CompleteItemCode | C1: ChildItemCode | D1: ItemCode
B2: 1RH1LP2577ZA | C2: PNLB2110ZB-WK | D2: 1RE1LP2577ZA
B3: 1RH1LP2578ZA | C3: PNLB2110ZB-WK | D3: 1RE1LP2578ZA
B4: 1RH1LP2579ZA | C4: PNLB2110ZB-WK | D4: 1RE1LP2579ZA
B5: 1RH1LP2581ZA | C5: PNLB2110ZB-WK | D5: 1RE1LP2581ZA
B6: 1RH1LP2594ZA | C6: PNLB2110ZB-WK | D6: 1RE1LP2594ZA
B7: 1RE2LPS2087MZA | C7: PNLB2516ZA-GW | D7: 1RE1LPS2087MZA
B8: 1CM1LPS2087PZA | C8: PNLB2521ZA-GW | D8: 1RE1LPS2087PZA
B9: 1CM1LPS2087SZA | C9: PNLB2519ZA-PN | D9: 1CM1LPS2087SZA
B10: 1RH1NS5162SX | C10: PNLB2270YA-LV | D10: 1RE1NS5162SX
B11: 1RH1NS5162X | C11: PNLB2270YA-LV | D11: 1RE1NS5162X
B12: 1RH1NS5170SX | C12: PNLB2265ZA-LV | D12: 1RE1NS5170SX
... B470: PGLB1463YA-6H | C470: PGLB1463YA-6H | D470: 3AP1CC411AP-V4
B471: PULB1030ZA-XM | C471: PULB1030ZA-XM | D471: Check lại next sang model nào FA | E471: 3AP1CC411BZA 3AP1CC411BPZA
B472: 1RE2PS200YSZB-R2 | C472: PGLB2156YA-XM | D472: 1RE1PS200YSZB-R2
B473: 1AE1A603M-3J0A | C473: A6403-3821 | D473: 1AE1A603M-3J0A
B474: 1AE1A603M-3J3A | C474: A6403-3D00 | D474: 1AE1A603M-3J3A
B475: 1AE1A608B3G1AEU | C475: A67463G10EU | D475: 1HT1A608B3G1AEU
B476: 1AE1A608B3H7AAP | C476: A67463G10EU | D476: 1HT1A608B3H7AAP
B477: 1AE1A608B3H9AAP | C477: A67463G10EU | D477: 1HT1A608B3H9AAP
B478: 1CM1A603L-3J0A | C478: A6260-3J00 | D478: 1AE1A603L-3J0A
B479: 1CM1A603L-3J2A | C479: A6260-3J00 | D479: 1AE1A603L-3J2A
B480: 1CM1A603L-3J3A | C480: A6260-3J30 | D480: 1AE1A603L-3J3A
B481: 1CM1A603L-3K50 | C481: A6260-3J00 | D481: 1AE1A603L-3K50
B482: 1CM1A603L3F0AAP | C482: A62603E61AP | D482: 1AE1A603L3F0AAP
B483: 1CM1A603L3F9ABP | C483: A62603E61AP | D483: 1AE1A603L3F9ABP
... B895: 1RE2H685Q3K20AP | C895: H6575-3K20 | D895: 1RE1H685Q3K20AP

Sheet Rom dung chung
B1: CompleteItemCode | C1: ChildItemCode | D1: ItemCode
B2: 1RH1ARBPC1A05383 | C2: 1AE1ARBPC1A04072 | D2: 1RH1ARBPC1A05383 | E2: =COUNTIF(C2:C79,C2) -> 2
B3: 1CM1ARBPC1A04075 | C3: 1AE1ARBPC1A04072 | D3: 1RH1ARBPC1A04075 | E3: =COUNTIF(C3:C79,C3) -> 1
B4: 1RH1ARBPC1A05244 | C4: 1AE1ARBPC1A05242 | D4: 1RH1ARBPC1A05244 | E4: =COUNTIF(C4:C79,C4) -> 1
B5: 1RE2H685Q-3K20PP2 | C5: 1VI1H685Q-3K20PP2 | D5: 1RE1H685Q-3K20PP2 | E5: =COUNTIF(C5:C79,C5) -> 2
B6: 1RE2H685Q-3K20-P2 | C6: 1VI1H685Q-3K20PP2 | D6: 1RE1H685Q-3K20-P2 | E6: =COUNTIF(C6:C79,C6) -> 1
B7: 1RE2LPN1028XM-S1 | C7: 1VI1LPN1058XM-S1 | D7: 1RE1LPN1028XM-S1 | E7: =COUNTIF(C7:C79,C7) -> 1
B8: 1RE2LPN1028YM-S1 | C8: 1VI1LPN1058YM-S1 | D8: 1RE1LPN1028YM-S1 | E8: =COUNTIF(C8:C79,C8) -> 1
B9: PNLPPU100NMZA-V4 | C9: 1VI1LPPU100NMZA | D9: 1RE1LPPU100NMZA | E9: =COUNTIF(C9:C79,C9) -> 1
B10: 1RE2LPS1027CMZA | C10: 1VI1LPS1057CMZA | D10: 1RE1LPS1027CMZA | E10: =COUNTIF(C10:C79,C10) -> 3
B11: 1RE2LPS1057CMZA | C11: 1VI1LPS1057CMZA | D11: 1RE1LPS1057CMZA | E11: =COUNTIF(C11:C79,C11) -> 2
B12: 1RE2LPSL1056MZA | C12: 1VI1LPS1057CMZA | D12: 1RE1LPSL1056MZA | E12: =COUNTIF(C12:C79,C12) -> 1
B13: 1RE2LPS1028YMZA | C13: 1VI1LPS1058YMZA | D13: 1RE1LPS1028YMZA | E13: =COUNTIF(C13:C79,C13) -> 1
B14: 1RE2LPS8127MZA | C14: 1VI1LPS8147MZA | D14: 1RE1LPS8127MZA | E14: =COUNTIF(C14:C79,C14) -> 4
B15: 1RE2LPS8147MZA | C15: 1VI1LPS8147MZA | D15: 1RE1LPS8147MZA | E15: =COUNTIF(C15:C79,C15) -> 3
B16: 1RE2LPS8120MZA | C16: 1VI1LPS8147MZA | D16: 1RE1LPS8120MZA | E16: =COUNTIF(C16:C79,C16) -> 2
B17: 1RE2LPS8130MZA | C17: 1VI1LPS8147MZA | D17: 1RE1LPS8130MZA | E17: =COUNTIF(C17:C79,C17) -> 1
B18: 1RE2LPS8127ZVMZA | C18: 1VI1LPS8147ZVMZA | D18: 1RE1LPS8127ZVMZA | E18: =COUNTIF(C18:C79,C18) -> 1
B19: 1RE2LPSL3056M-S1 | C19: 1VI1LPSL3066M-S1 | D19: 1RE1LPSL3056M-S1 | E19: =COUNTIF(C19:C79,C19) -> 1
B20: 1RE2TP4NH1250BN | C20: 1VI1TVRU455AB | D20: 1RE2TP4NH1250BN | E20: =COUNTIF(C20:C79,C20) -> 6
B21: 1RE2TP4NH1250BP | C21: 1VI1TVRU455AB | D21: 1RE2TP4NH1250BP | E21: =COUNTIF(C21:C79,C21) -> 5
B22: 1RE2TP4NH1250EN | C22: 1VI1TVRU455AB | D22: 1RE2TP4NH1250EN | E22: =COUNTIF(C22:C79,C22) -> 4
B23: 1RE2TP4NH1250EP | C23: 1VI1TVRU455AB | D23: 1RE2TP4NH1250EP | E23: =COUNTIF(C23:C80,C23) -> 3
B24: 1RE2TP4NH1258BX | C24: 1VI1TVRU455AB | D24: 1RE2TP4NH1258BX | E24: =COUNTIF(C24:C81,C24) -> 2
B25: 1RE2TP4NH1258EX | C25: 1VI1TVRU455AB | D25: 1RE2TP4NH1258EX | E25: =COUNTIF(C25:C82,C25) -> 1
B26: 1RE2TP4NH1250BM | C26: 1VI1TVRU469AB | D26: 1RE2TP4NH1250BM | E26: =COUNTIF(C26:C83,C26) -> 3
B27: 1RE2TP4NH1250EM | C27: 1VI1TVRU469AB | D27: 1RE2TP4NH1250EM | E27: =COUNTIF(C27:C84,C27) -> 2
B28: 1RE2TP3MH1250BM-1 | C28: 1VI1TVRU469AB | D28: 1RE2TP3MH1250BM-1 | E28: =COUNTIF(C28:C85,C28) -> 1
B29: 1RE2TP4NH1266EC-1 | C29: 1VI1TVRU484 | D29: 1RE2TP4NH1266EC-1 | E29: =COUNTIF(C29:C86,C29) -> 4
B30: 1RE2TP4NH1266ED-1 | C30: 1VI1TVRU484 | D30: 1RE2TP4NH1266ED-1 | E30: =COUNTIF(C30:C87,C30) -> 3
B31: 1RE2TP4NH1266EE-1 | C31: 1VI1TVRU484 | D31: 1RE2TP4NH1266EE-1 | E31: =COUNTIF(C31:C88,C31) -> 2
B32: 1RE2TP4NH1266EF-1 | C32: 1VI1TVRU484 | D32: 1RE2TP4NH1266EF-1 | E32: =COUNTIF(C32:C89,C32) -> 1
B33: 1RE2TP4NH1266EA-1 | C33: 1VI1TVRU484AA | D33: 1RE2TP4NH1266EA-1 | E33: =COUNTIF(C33:C90,C33) -> 5
B34: 1RE2TP4NH1266EC-1 | C34: 1VI1TVRU484AA | D34: 1RE2TP4NH1266EC-1 | E34: =COUNTIF(C34:C90,C34) -> 4
B35: 1RE2TP4NH1266EE-1 | C35: 1VI1TVRU484AA | D35: 1RE2TP4NH1266EE-1 | E35: =COUNTIF(C35:C91,C35) -> 3
B36: 1RE2TP4NH1266ED-1 | C36: 1VI1TVRU484AA | D36: 1RE2TP4NH1266ED-1 | E36: =COUNTIF(C36:C92,C36) -> 2
B37: 1RE2TP4NH1266EF-1 | C37: 1VI1TVRU484AA | D37: 1RE2TP4NH1266EF-1 | E37: =COUNTIF(C37:C93,C37) -> 1
B38: 1RE2H685Q-3K20PP2 | C38: 1VI2H685Q-3K20PP2 | D38: 1RE1H685Q-3K20PP2 | E38: =COUNTIF(C38:C95,C38) -> 2
B39: 1RE2H685Q-3K20-P2 | C39: 1VI2H685Q-3K20PP2 | D39: 1RE1H685Q-3K20-P2 | E39: =COUNTIF(C39:C96,C39) -> 1
B40: 1RE2CC412APYSZB-V4 | C40: 1VJ1CC411APBB1-V4 | D40: 1RE1CC412APYSZB-V4 | E40: =COUNTIF(C40:C97,C40) -> 2
B41: 1RE2CC411APYSZB-V4 | C41: 1VJ1CC411APBB1-V4 | D41: 1RE1CC411APYSZB-V4 | E41: =COUNTIF(C41:C98,C41) -> 1
B42: 1RE2CC411BP | C42: 1VJ1CC411BPBB1 | D42: 1RE1CC411BP | E42: =COUNTIF(C42:C99,C42) -> 2
B43: 1RE2CC412BP | C43: 1VJ1CC411BPBB1 | D43: 1RE1CC412BP | E43: =COUNTIF(C43:C100,C43) -> 1
B44: PNLPPU100GMZA-R1V4 | C44: 1VJ1LPPU100NMZA-R1 | D44: 1RE1LPPU100GMZA-R1 | E44: =COUNTIF(C44:C101,C44) -> 1
B45: 1RE2LPPU100GMZA-S2 | C45: 1VJ1LPPU100NMZA-S2 | D45: 1RE1LPPU100GMZA-S2 | E45: =COUNTIF(C45:C102,C45) -> 1
B46: 1RE2LPSL3056M-R1 | C46: 1VJ1LPSL3066M-R1 | D46: 1RE1LPSL3056M-R1 | E46: =COUNTIF(C46:C103,C46) -> 1
B47: 1RE2LPSL3056MZA | C47: 1VJ1LPSL3066MZA | D47: 1RE1LPSL3056MZA | E47: =COUNTIF(C47:C104,C47) -> 1
B48: 1RE2SR202DNP | C48: 1VJ1SR202DNP | D48: 1RE2SR202DNP | E48: =COUNTIF(C48:C107,C48) -> 2
B49: 1RE2SR204DNP | C49: 1VJ1SR202DNP | D49: 1RE2SR204DNP | E49: =COUNTIF(C49:C108,C49) -> 1
B50: 1RE2ST600 | C50: 1VJ1ST600 | D50: 1RE1ST600 | E50: =COUNTIF(C50:C109,C50) -> 2
B51: 1RE2ST700 | C51: 1VJ1ST600 | D51: 1RE1ST700 | E51: =COUNTIF(C51:C110,C51) -> 1
B52: 1RE2ST600P | C52: 1VJ1ST600P | D52: 1RE1ST600P | E52: =COUNTIF(C52:C111,C52) -> 2
B53: 1RE2ST700P | C53: 1VJ1ST600P | D53: 1RE1ST700P | E53: =COUNTIF(C53:C112,C53) -> 1
B54: 1RH1TDA6174XJV4 | C54: 1VJ1TDA6174XJV4 | D54: 1RE1TDA6174XJV4 | E54: =COUNTIF(C54:C113,C54) -> 1
B55: 1RE2SE200A-V4 | C55: 2VJ1SR202A-V4 | D55: 1RE2SE200A-V4 | E55: =COUNTIF(C55:C117,C55) -> 2
B56: 1RE2SR202A-V4 | C56: 2VJ1SR202A-V4 | D56: 1RE2SR202A-V4 | E56: =COUNTIF(C56:C118,C56) -> 1
B57: 1RE2SE200DAN | C57: 2VJ1SR202DAN | D57: 1RE2SE200DAN | E57: =COUNTIF(C57:C119,C57) -> 2
B58: 1RE2SR202DAN | C58: 2VJ1SR202DAN | D58: 1RE2SR202DAN | E58: =COUNTIF(C58:C120,C58) -> 1
B59: 1RE2SE200DNP | C59: 2VJ1SR202DNP | D59: 1RE2SE200DNP | E59: =COUNTIF(C59:C121,C59) -> 3
B60: 1RE2SR202DNP | C60: 2VJ1SR202DNP | D60: 1RE2SR202DNP | E60: =COUNTIF(C60:C122,C60) -> 2
B61: 1RE2SR204DNP | C61: 2VJ1SR202DNP | D61: 1RE2SR204DNP | E61: =COUNTIF(C61:C123,C61) -> 1
B62: 1RE2SR204P-V4 | C62: 2VJ1SR204P-V4 | D62: 1RE2SR204P-V4 | E62: =COUNTIF(C62:C124,C62) -> 2
B63: 1RE2SE200P-V4 | C63: 2VJ1SR204P-V4 | D63: 1RE2SE200P-V4 | E63: =COUNTIF(C63:C125,C63) -> 1
B64: 1RE2CC412APYSZB-V4 | C64: 3VJ1CC411APDSP1-V4 | D64: 1RE1CC412APYSZB-V4 | E64: =COUNTIF(C64:C126,C64) -> 3
B65: 1RE2CC412AYSZB-V4 | C65: 3VJ1CC411APDSP1-V4 | D65: 1RE1CC412AYSZB-V4 | E65: =COUNTIF(C65:C127,C65) -> 2
B66: 1RE2CC411APYSZB-V4 | C66: 3VJ1CC411APDSP1-V4 | D66: 1RE1CC411APYSZB-V4 | E66: =COUNTIF(C66:C128,C66) -> 1
... B73: 1RE2SE200DNP | C73: 3VJ1SR202DNP | D73: 1RE2SE200DNP | E73: =COUNTIF(C73:C135,C73) -> 3
B74: 1RE2SR202DNP | C74: 3VJ1SR202DNP | D74: 1RE2SR202DNP | E74: =COUNTIF(C74:C136,C74) -> 2 | G74: =180-12 -> 168
B75: 1RE2SR204DNP | C75: 3VJ1SR202DNP | D75: 1RE2SR204DNP | E75: =COUNTIF(C75:C137,C75) -> 1
B76: 1RE2SR204P-V4 | C76: 3VJ1SR204P-V4 | D76: 1RE2SR204P-V4 | E76: =COUNTIF(C76:C138,C76) -> 2
B77: 1RE2SE200P-V4 | C77: 3VJ1SR204P-V4 | D77: 1RE2SE200P-V4 | E77: =COUNTIF(C77:C139,C77) -> 1
B78: 1RE2CC412APYSZB-V4 | C78: 5VJ1CC412APDSP2-V4 | D78: 1RE1CC412APYSZB-V4 | E78: =COUNTIF(C78:C141,C78) -> 2
B79: 1RE2CC412AYSZB-V4 | C79: 5VJ1CC412APDSP2-V4 | D79: 1RE1CC412AYSZB-V4 | E79: =COUNTIF(C79:C142,C79) -> 1
B80: 1RE2TP4NH1266EA-1 | C80: 1VI1TVRU484AI | D80: 1RE2TP4NH1266EA-1 | E80: =COUNTIF(C80:C136,C80) -> 5
B81: 1RE2TP4NH1266EC-1 | C81: 1VI1TVRU484AI | D81: 1RE2TP4NH1266EC-1 | E81: =COUNTIF(C81:C137,C81) -> 4
B82: 1RE2TP4NH1266EE-1 | C82: 1VI1TVRU484AI | D82: 1RE2TP4NH1266EE-1 | E82: =COUNTIF(C82:C138,C82) -> 3
B83: 1RE2TP4NH1266ED-1 | C83: 1VI1TVRU484AI | D83: 1RE2TP4NH1266ED-1 | E83: =COUNTIF(C83:C139,C83) -> 2
B84: 1RE2TP4NH1266EF-1 | C84: 1VI1TVRU484AI | D84: 1RE2TP4NH1266EF-1 | E84: =COUNTIF(C84:C140,C84) -> 1
B85: 1RH1ARBPC1A03944 | C85: 1AE1ARBPC1A03940 | D85: 1RH1ARBPC1A03944 | E85: =COUNTIF(C85:C141,C85) -> 2
B86: 1RH1ARBPC1A03940 | C86: 1AE1ARBPC1A03940 | D86: 1RH1ARBPC1A03940 | E86: =COUNTIF(C86:C142,C86) -> 1
B87: 1RE2SRB20YSZB-S1 | C87: 1VJ2SRB20-V4 | D87: 1RE2SRB20YSZB-S1
B88: 1RE2SRB20YSZB-S1 | C88: 1VJ1SRB20YSZB-V4 | D88: 1RE2SRB20YSZB-S1
B89: 1RE2SRB20YSZB-V4 | C89: 1VJ1SRB20YSZB-V4 | D89: 1RE2SRB20YSZB-V4
B90: 1RE2SRB20YSZB-V4 | C90: 1VJ2SRB20-V4 | D90: 1RE2SRB20YSZB-V4

Sheet IOT
A1: ItemCode | C1: 1 | D1: Điểm cắm | E1: BF-Production Version | F1: BF-Plant | G1: TF-Action | H1: TF-Movement Type | I1: TF-From Location | J1: TF-To Location | K1: TF-Action | L1: QUA Đâu
E2: Kho mình | F2: cat | I2: Kho nhận | J2: Kho chuyển
A3: 1AP4LP1525JPZA | B3: SMT | C3: =COUNTIF(A3:A6460,A3) -> 1 | D3: =VLOOKUP(A3,[1]Sheet1!$A:$B,2,0) -> 9 | E3: 2210 | F3: VC01 | G3: Auto | H3: 311 | I3: 2210 | J3: 2310 | K3: VC01
A4: 1AP0LP1525JPZA | B4: DIP | C4: =COUNTIF(A4:A6461,A4) -> 1 | D4: =VLOOKUP(A4,[1]Sheet1!$A:$B,2,0) -> #N/A | E4: 2210 | F4: VC01 | G4: Auto | H4: 311 | I4: 2210 | J4: 2310 | K4: VC01
A5: 1RE1D820V4 | B5: SMT | C5: =COUNTIF(A5:A6462,A5) -> 1 | D5: =VLOOKUP(A5,[1]Sheet1!$A:$B,2,0) -> 304
A6: 1RH1D820V4 | B6: SMT | C6: =COUNTIF(A6:A6463,A6) -> 1 | D6: =VLOOKUP(A6,[1]Sheet1!$A:$B,2,0) -> 67
A7: 1CM1D820V4 | B7: SMT | C7: =COUNTIF(A7:A6464,A7) -> 1 | D7: =VLOOKUP(A7,[1]Sheet1!$A:$B,2,0) -> 381 | E7: 2210 | F7: VC01 | G7: Auto | H7: 311 | I7: 2210 | J7: 2310 | K7: VC01
A8: 1AP1D820V4 | B8: DIP | C8: =COUNTIF(A8:A6465,A8) -> 1 | D8: =VLOOKUP(A8,[1]Sheet1!$A:$B,2,0) -> #N/A | E8: 2210 | F8: VC01 | G8: Auto | H8: 311 | I8: 2210 | J8: 2310 | K8: VC01
A9: 1RE1D921CV4 | B9: SMT | C9: =COUNTIF(A9:A6466,A9) -> 1 | D9: =VLOOKUP(A9,[1]Sheet1!$A:$B,2,0) -> 271
A10: 1RH1D921CV4 | B10: SMT | C10: =COUNTIF(A10:A6467,A10) -> 1 | D10: =VLOOKUP(A10,[1]Sheet1!$A:$B,2,0) -> 50 | E10: 2210 | F10: VC01 | G10: Auto | H10: 311 | I10: 2210 | J10: 2310 | K10: VC01
A11: 1AP1D921CV4 | B11: DIP | C11: =COUNTIF(A11:A6468,A11) -> 1 | D11: =VLOOKUP(A11,[1]Sheet1!$A:$B,2,0) -> #N/A | E11: 2210 | F11: VC01 | G11: Auto | H11: 311 | I11: 2210 | J11: 2310 | K11: VC01
A12: 1RE2F081A | B12: SMT | C12: =COUNTIF(A12:A6469,A12) -> 1 | D12: =VLOOKUP(A12,[1]Sheet1!$A:$B,2,0) -> 157 | E12: 2210 | F12: VC01 | G12: Auto | H12: 311 | I12: 2210 | J12: 2310 | K12: VC01
A13: 1AP1F081A | B13: DIP | C13: =COUNTIF(A13:A6470,A13) -> 1 | D13: =VLOOKUP(A13,[1]Sheet1!$A:$B,2,0) -> #N/A | E13: 2210 | F13: VC01 | G13: Auto | H13: 311 | I13: 2210 | J13: 2310 | K13: VC01
A14: 1AP1F082 | B14: DIP | C14: =COUNTIF(A14:A6471,A14) -> 1 | D14: =VLOOKUP(A14,[1]Sheet1!$A:$B,2,0) -> #N/A | E14: 2210 | F14: VC01 | G14: Auto | H14: 311 | I14: 2210 | J14: 2310 | K14: VC01
A15: 1CM1F220V4 | B15: SMT | C15: =COUNTIF(A15:A6472,A15) -> 1 | D15: =VLOOKUP(A15,[1]Sheet1!$A:$B,2,0) -> 160
A16: 1RE2F220V4 | B16: SMT | C16: =COUNTIF(A16:A6473,A16) -> 1 | D16: =VLOOKUP(A16,[1]Sheet1!$A:$B,2,0) -> 141
A17: 1RH1F220V4 | B17: SMT | C17: =COUNTIF(A17:A6474,A17) -> 1 | D17: =VLOOKUP(A17,[1]Sheet1!$A:$B,2,0) -> 25 | E17: 2210 | F17: VC01 | G17: Auto | H17: 311 | I17: 2210 | J17: 2310 | K17: VC01
A18: 1AP1F220V4 | B18: DIP | C18: =COUNTIF(A18:A6475,A18) -> 1 | D18: =VLOOKUP(A18,[1]Sheet1!$A:$B,2,0) -> #N/A | E18: 2210 | F18: VC01 | G18: Auto | H18: 311 | I18: 2210 | J18: 2310 | K18: VC01
A19: 1CM1F222V4 | B19: SMT | C19: =COUNTIF(A19:A6475,A19) -> 1 | D19: =VLOOKUP(A19,[1]Sheet1!$A:$B,2,0) -> 120
A20: 1RE2F222V4 | B20: SMT | C20: =COUNTIF(A20:A6476,A20) -> 1 | D20: =VLOOKUP(A20,[1]Sheet1!$A:$B,2,0) -> 212 | E20: 2210 | F20: VC01 | G20: Auto | H20: 311 | I20: 2210 | J20: 2310 | K20: VC01
A21: 1AP1F222V4 | B21: DIP | C21: =COUNTIF(A21:A6477,A21) -> 1 | D21: =VLOOKUP(A21,[1]Sheet1!$A:$B,2,0) -> #N/A | E21: 2210 | F21: VC01 | G21: Auto | H21: 311 | I21: 2210 | J21: 2310 | K21: VC01
A22: 1RE1F231V4 | B22: SMT | C22: =COUNTIF(A22:A6478,A22) -> 1 | D22: =VLOOKUP(A22,[1]Sheet1!$A:$B,2,0) -> 56
A23: 1RE2F231V4 | B23: SMT | C23: =COUNTIF(A23:A6479,A23) -> 1 | D23: =VLOOKUP(A23,[1]Sheet1!$A:$B,2,0) -> 196
A24: 1RH1F231V4 | B24: SMT | C24: =COUNTIF(A24:A6480,A24) -> 1 | D24: =VLOOKUP(A24,[1]Sheet1!$A:$B,2,0) -> 8 | E24: 2210 | F24: VC01 | G24: Auto | H24: 311 | I24: 2210 | J24: 2310 | K24: VC01
A25: 1AP1F231V4 | B25: DIP | C25: =COUNTIF(A25:A6481,A25) -> 1 | D25: =VLOOKUP(A25,[1]Sheet1!$A:$B,2,0) -> #N/A | E25: 2210 | F25: VC01 | G25: Auto | H25: 311 | I25: 2210 | J25: 2310 | K25: VC01
A26: 1AP1LC1024ZA | B26: DIP | C26: =COUNTIF(A26:A6482,A26) -> 1 | D26: =VLOOKUP(A26,[1]Sheet1!$A:$B,2,0) -> #N/A | E26: 2210 | F26: VC01 | G26: Auto | H26: 311 | I26: 2210 | J26: 2310 | K26: VC01
A27: 1VJ1LP2288ZA | B27: SMT | C27: =COUNTIF(A27:A6482,A27) -> 1 | D27: =VLOOKUP(A27,[1]Sheet1!$A:$B,2,0) -> #N/A
A28: 1RE1LP2288ZA | B28: SMT | C28: =COUNTIF(A28:A6482,A28) -> 1 | D28: =VLOOKUP(A28,[1]Sheet1!$A:$B,2,0) -> 265
A29: 1RE2LP2288ZA | B29: SMT | C29: =COUNTIF(A29:A6482,A29) -> 1 | D29: =VLOOKUP(A29,[1]Sheet1!$A:$B,2,0) -> 460
A30: 1RH1LP2288ZA | B30: SMT | C30: =COUNTIF(A30:A6482,A30) -> 1 | D30: =VLOOKUP(A30,[1]Sheet1!$A:$B,2,0) -> 8 | E30: 2210 | F30: VC01 | G30: Auto | H30: 311 | I30: 2210 | J30: 2220 | K30: VC01
A31: 1AP1LP2288ZA | B31: DIP | C31: =COUNTIF(A31:A6483,A31) -> 1 | D31: =VLOOKUP(A31,[1]Sheet1!$A:$B,2,0) -> #N/A | E31: 2210 | F31: VC01 | G31: Auto | H31: 311 | I31: 2210 | J31: 2220 | K31: VC01
A32: 1AP1LP2289ZA | B32: DIP | C32: =COUNTIF(A32:A6484,A32) -> 1 | D32: =VLOOKUP(A32,[1]Sheet1!$A:$B,2,0) -> #N/A | E32: 2210 | F32: VC01 | G32: Auto | H32: 311 | I32: 2210 | J32: 2310 | K32: VC01
A33: 1VI1LP2534ZA | B33: SMT | C33: =COUNTIF(A33:A6485,A33) -> 1 | D33: =VLOOKUP(A33,[1]Sheet1!$A:$B,2,0) -> #N/A
A34: 1RE1LP2534ZA | B34: SMT | C34: =COUNTIF(A34:A6486,A34) -> 1 | D34: =VLOOKUP(A34,[1]Sheet1!$A:$B,2,0) -> 223
A35: 1RE2LP2534ZA | B35: SMT | C35: =COUNTIF(A35:A6487,A35) -> 1 | D35: =VLOOKUP(A35,[1]Sheet1!$A:$B,2,0) -> 228 | E35: 2210 | F35: VC01 | G35: Auto | H35: 311 | I35: 2210 | J35: 2220 | K35: VC01
A36: 1AP1LP2534ZA | B36: DIP | C36: =COUNTIF(A36:A6488,A36) -> 1 | D36: =VLOOKUP(A36,[1]Sheet1!$A:$B,2,0) -> #N/A | E36: 2210 | F36: VC01 | G36: Auto | H36: 311 | I36: 2210 | J36: 2220 | K36: VC01
A37: 1RE1LP2537ZA | B37: SMT | C37: =COUNTIF(A37:A6489,A37) -> 1 | D37: =VLOOKUP(A37,[1]Sheet1!$A:$B,2,0) -> 43 | E37: 2210 | F37: VC01 | G37: Auto | H37: 311 | I37: 2210 | J37: 2310 | K37: VC01
A38: 1AP1LP2537ZA | B38: DIP | C38: =COUNTIF(A38:A6490,A38) -> 1 | D38: =VLOOKUP(A38,[1]Sheet1!$A:$B,2,0) -> #N/A | E38: 2210 | F38: VC01 | G38: Auto | H38: 311 | I38: 2210 | J38: 2310 | K38: VC01
A39: 1VJ1LP2538ZA | B39: SMT | C39: =COUNTIF(A39:A6491,A39) -> 1 | D39: =VLOOKUP(A39,[1]Sheet1!$A:$B,2,0) -> #N/A
A40: 1RE1LP2538ZA | B40: SMT | C40: =COUNTIF(A40:A6492,A40) -> 1 | D40: =VLOOKUP(A40,[1]Sheet1!$A:$B,2,0) -> 484
A41: 1RE2LP2538ZA | B41: SMT | C41: =COUNTIF(A41:A6493,A41) -> 1 | D41: =VLOOKUP(A41,[1]Sheet1!$A:$B,2,0) -> 459 | E41: 2210 | F41: VC01 | G41: Auto | H41: 311 | I41: 2210 | J41: 2220 | K41: VC01
A42: 1AP1LP2538ZA | B42: DIP | C42: =COUNTIF(A42:A6494,A42) -> 1 | D42: =VLOOKUP(A42,[1]Sheet1!$A:$B,2,0) -> #N/A | E42: 2210 | F42: VC01 | G42: Auto | H42: 311 | I42: 2210 | J42: 2220 | K42: VC01
A43: 1RE1LP2539ZA | B43: SMT | C43: =COUNTIF(A43:A6495,A43) -> 1 | D43: =VLOOKUP(A43,[1]Sheet1!$A:$B,2,0) -> 12
A44: 1RE2LP2539ZA | B44: SMT | C44: =COUNTIF(A44:A6496,A44) -> 1 | D44: =VLOOKUP(A44,[1]Sheet1!$A:$B,2,0) -> 10 | E44: 2210 | F44: VC01 | G44: Auto | H44: 311 | I44: 2210 | J44: 2310 | K44: VC01
A45: 1AP1LP2539ZA | B45: DIP | C45: =COUNTIF(A45:A6497,A45) -> 1 | D45: =VLOOKUP(A45,[1]Sheet1!$A:$B,2,0) -> #N/A | E45: 2210 | F45: VC01 | G45: Auto | H45: 311 | I45: 2210 | J45: 2310 | K45: VC01
A46: 1VI1LP2550ZA | B46: SMT | C46: =COUNTIF(A46:A6498,A46) -> 1 | D46: =VLOOKUP(A46,[1]Sheet1!$A:$B,2,0) -> #N/A
A47: 1RE1LP2550ZA | B47: SMT | C47: =COUNTIF(A47:A6499,A47) -> 1 | D47: =VLOOKUP(A47,[1]Sheet1!$A:$B,2,0) -> 223
A48: 1RE2LP2550ZA | B48: SMT | C48: =COUNTIF(A48:A6500,A48) -> 1 | D48: =VLOOKUP(A48,[1]Sheet1!$A:$B,2,0) -> 228 | E48: 2210 | F48: VC01 | G48: Auto | H48: 311 | I48: 2210 | J48: 2220 | K48: VC01
A49: 1AP1LP2550ZA | B49: DIP | C49: =COUNTIF(A49:A6501,A49) -> 1 | D49: =VLOOKUP(A49,[1]Sheet1!$A:$B,2,0) -> #N/A | E49: 2210 | F49: VC01 | G49: Auto | H49: 311 | I49: 2210 | J49: 2220 | K49: VC01
A50: 1VI1LP2551ZA | B50: SMT | C50: =COUNTIF(A50:A6502,A50) -> 1 | D50: =VLOOKUP(A50,[1]Sheet1!$A:$B,2,0) -> #N/A
A51: 1RE1LP2551ZA | B51: SMT | C51: =COUNTIF(A51:A6503,A51) -> 1 | D51: =VLOOKUP(A51,[1]Sheet1!$A:$B,2,0) -> 223
A52: 1RE2LP2551ZA | B52: SMT | C52: =COUNTIF(A52:A6504,A52) -> 1 | D52: =VLOOKUP(A52,[1]Sheet1!$A:$B,2,0) -> 228 | E52: 2210 | F52: VC01 | G52: Auto | H52: 311 | I52: 2210 | J52: 2220 | K52: VC01
A53: 1AP1LP2551ZA | B53: DIP | C53: =COUNTIF(A53:A6505,A53) -> 1 | D53: =VLOOKUP(A53,[1]Sheet1!$A:$B,2,0) -> #N/A | E53: 2210 | F53: VC01 | G53: Auto | H53: 311 | I53: 2210 | J53: 2220 | K53: VC01
A54: 1VI1LP2552ZA | B54: SMT | C54: =COUNTIF(A54:A6506,A54) -> 1 | D54: =VLOOKUP(A54,[1]Sheet1!$A:$B,2,0) -> #N/A
A55: 1RE1LP2552ZA | B55: SMT | C55: =COUNTIF(A55:A6507,A55) -> 1 | D55: =VLOOKUP(A55,[1]Sheet1!$A:$B,2,0) -> 223
A56: 1RE2LP2552ZA | B56: SMT | C56: =COUNTIF(A56:A6508,A56) -> 1 | D56: =VLOOKUP(A56,[1]Sheet1!$A:$B,2,0) -> 228 | E56: 2210 | F56: VC01 | G56: Auto | H56: 311 | I56: 2210 | J56: 2220 | K56: VC01
A57: 1AP1LP2552ZA | B57: DIP | C57: =COUNTIF(A57:A6509,A57) -> 1 | D57: =VLOOKUP(A57,[1]Sheet1!$A:$B,2,0) -> #N/A | E57: 2210 | F57: VC01 | G57: Auto | H57: 311 | I57: 2210 | J57: 2220 | K57: VC01
A58: 1VI1LP2553ZA | B58: SMT | C58: =COUNTIF(A58:A6510,A58) -> 1 | D58: =VLOOKUP(A58,[1]Sheet1!$A:$B,2,0) -> #N/A
A59: 1RE1LP2553ZA | B59: SMT | C59: =COUNTIF(A59:A6511,A59) -> 1 | D59: =VLOOKUP(A59,[1]Sheet1!$A:$B,2,0) -> 223
A60: 1RE2LP2553ZA | B60: SMT | C60: =COUNTIF(A60:A6512,A60) -> 1 | D60: =VLOOKUP(A60,[1]Sheet1!$A:$B,2,0) -> 228 | E60: 2210 | F60: VC01 | G60: Auto | H60: 311 | I60: 2210 | J60: 2220 | K60: VC01
A61: 1AP1LP2553ZA | B61: DIP | C61: =COUNTIF(A61:A6513,A61) -> 1 | D61: =VLOOKUP(A61,[1]Sheet1!$A:$B,2,0) -> #N/A | E61: 2210 | F61: VC01 | G61: Auto | H61: 311 | I61: 2210 | J61: 2220 | K61: VC01
A62: 1VJ1LP2555ZA | B62: SMT | C62: =COUNTIF(A62:A6514,A62) -> 1 | D62: =VLOOKUP(A62,[1]Sheet1!$A:$B,2,0) -> #N/A
A63: 1CM1LP2555ZA | B63: SMT | C63: =COUNTIF(A63:A6515,A63) -> 1 | D63: =VLOOKUP(A63,[1]Sheet1!$A:$B,2,0) -> 176
A64: 1RE2LP2555ZA | B64: SMT | C64: =COUNTIF(A64:A6516,A64) -> 1 | D64: =VLOOKUP(A64,[1]Sheet1!$A:$B,2,0) -> 207 | E64: 2210 | F64: VC01 | G64: Auto | H64: 311 | I64: 2210 | J64: 2220 | K64: VC01
A65: 1AP1LP2555ZA | B65: DIP | C65: =COUNTIF(A65:A6517,A65) -> 1 | D65: =VLOOKUP(A65,[1]Sheet1!$A:$B,2,0) -> #N/A | E65: 2210 | F65: VC01 | G65: Auto | H65: 311 | I65: 2210 | J65: 2220 | K65: VC01
A66: 1RE1LP2557ZA | B66: SMT | C66: =COUNTIF(A66:A6518,A66) -> 1 | D66: =VLOOKUP(A66,[1]Sheet1!$A:$B,2,0) -> 290
A67: 1RE2LP2557ZA | B67: SMT | C67: =COUNTIF(A67:A6519,A67) -> 1 | D67: =VLOOKUP(A67,[1]Sheet1!$A:$B,2,0) -> 530
A68: 1RH1LP2557ZA | B68: SMT | C68: =COUNTIF(A68:A6520,A68) -> 1 | D68: =VLOOKUP(A68,[1]Sheet1!$A:$B,2,0) -> 26 | E68: 2210 | F68: VC01 | G68: Auto | H68: 311 | I68: 2210 | J68: 2220 | K68: VC01
A69: 1AP1LP2557ZA | B69: DIP | C69: =COUNTIF(A69:A6521,A69) -> 1 | D69: =VLOOKUP(A69,[1]Sheet1!$A:$B,2,0) -> #N/A | E69: 2210 | F69: VC01 | G69: Auto | H69: 311 | I69: 2210 | J69: 2220 | K69: VC01
A70: 1RE1LP2564ZA | B70: SMT | C70: =COUNTIF(A70:A6522,A70) -> 1 | D70: =VLOOKUP(A70,[1]Sheet1!$A:$B,2,0) -> 179 | E70: 2210 | F70: VC01 | G70: Auto | H70: 311 | I70: 2210 | J70: 2310 | K70: VC01
A71: 1AP1LP2564ZA | B71: DIP | C71: =COUNTIF(A71:A6523,A71) -> 1 | D71: =VLOOKUP(A71,[1]Sheet1!$A:$B,2,0) -> #N/A | E71: 2210 | F71: VC01 | G71: Auto | H71: 311 | I71: 2210 | J71: 2310 | K71: VC01
A72: 1VJ1LP2574ZA | B72: SMT | C72: =COUNTIF(A72:A6524,A72) -> 1 | D72: =VLOOKUP(A72,[1]Sheet1!$A:$B,2,0) -> #N/A
A73: 1VJ2LP2574ZA | B73: SMT | C73: =COUNTIF(A73:A6524,A73) -> 1 | D73: =VLOOKUP(A73,[1]Sheet1!$A:$B,2,0) -> #N/A
A74: 1RE1LP2574ZA | B74: SMT | C74: =COUNTIF(A74:A6526,A74) -> 1 | D74: =VLOOKUP(A74,[1]Sheet1!$A:$B,2,0) -> 214
A75: 1RE2LP2574ZA | B75: SMT | C75: =COUNTIF(A75:A6527,A75) -> 1 | D75: =VLOOKUP(A75,[1]Sheet1!$A:$B,2,0) -> 335
A76: 1RH1LP2574ZA | B76: SMT | C76: =COUNTIF(A76:A6528,A76) -> 1 | D76: =VLOOKUP(A76,[1]Sheet1!$A:$B,2,0) -> 2 | E76: 2210 | F76: VC01 | G76: Auto | H76: 311 | I76: 2210 | J76: 2220 | K76: VC01
A77: 1AP1LP2574ZA | B77: DIP | C77: =COUNTIF(A77:A6529,A77) -> 1 | D77: =VLOOKUP(A77,[1]Sheet1!$A:$B,2,0) -> #N/A | E77: 2210 | F77: VC01 | G77: Auto | H77: 311 | I77: 2210 | J77: 2220 | K77: VC01
A78: 1VJ1LP2575ZA | B78: SMT | C78: =COUNTIF(A78:A6530,A78) -> 1 | D78: =VLOOKUP(A78,[1]Sheet1!$A:$B,2,0) -> #N/A
A79: 1VJ2LP2575ZA | B79: SMT | C79: =COUNTIF(A79:A6531,A79) -> 1 | D79: =VLOOKUP(A79,[1]Sheet1!$A:$B,2,0) -> #N/A
A80: 1RE1LP2575ZA | B80: SMT | C80: =COUNTIF(A80:A6533,A80) -> 1 | D80: =VLOOKUP(A80,[1]Sheet1!$A:$B,2,0) -> 216
A81: 1RE2LP2575ZA | B81: SMT | C81: =COUNTIF(A81:A6534,A81) -> 1 | D81: =VLOOKUP(A81,[1]Sheet1!$A:$B,2,0) -> 337
A82: 1RH1LP2575ZA | B82: SMT | C82: =COUNTIF(A82:A6535,A82) -> 1 | D82: =VLOOKUP(A82,[1]Sheet1!$A:$B,2,0) -> 2 | E82: 2210 | F82: VC01 | G82: Auto | H82: 311 | I82: 2210 | J82: 2220 | K82: VC01
A83: 1AP1LP2575ZA | B83: DIP | C83: =COUNTIF(A83:A6536,A83) -> 1 | D83: =VLOOKUP(A83,[1]Sheet1!$A:$B,2,0) -> #N/A | E83: 2210 | F83: VC01 | G83: Auto | H83: 311 | I83: 2210 | J83: 2220 | K83: VC01
A84: 1VJ1LP2577ZA | B84: SMT | C84: =COUNTIF(A84:A6537,A84) -> 1 | D84: =VLOOKUP(A84,[1]Sheet1!$A:$B,2,0) -> #N/A
A85: PNLB2110ZB-WK | B85: SMT | C85: =COUNTIF(A85:A6538,A85) -> 1 | D85: =VLOOKUP(A85,[1]Sheet1!$A:$B,2,0) -> #N/A
A86: 1RE1LP2577ZA | B86: SMT | C86: =COUNTIF(A86:A6540,A86) -> 1 | D86: =VLOOKUP(A86,[1]Sheet1!$A:$B,2,0) -> 414
A87: 1RE2LP2577ZA | B87: SMT | C87: =COUNTIF(A87:A6541,A87) -> 1 | D87: =VLOOKUP(A87,[1]Sheet1!$A:$B,2,0) -> 495
A88: 1RH1LP2577ZA | B88: SMT | C88: =COUNTIF(A88:A6542,A88) -> 1 | D88: =VLOOKUP(A88,[1]Sheet1!$A:$B,2,0) -> 11 | E88: 2210 | F88: VC01 | G88: Auto | H88: 311 | I88: 2210 | J88: 2310 | K88: VC01
A89: 1AP1LP2577ZA | B89: DIP | C89: =COUNTIF(A89:A6543,A89) -> 1 | D89: =VLOOKUP(A89,[1]Sheet1!$A:$B,2,0) -> #N/A | E89: 2210 | F89: VC01 | G89: Auto | H89: 311 | I89: 2210 | J89: 2310 | K89: VC01
A90: 1VJ1LP2578ZA | B90: SMT | C90: =COUNTIF(A90:A6544,A90) -> 1 | D90: =VLOOKUP(A90,[1]Sheet1!$A:$B,2,0) -> #N/A
A91: 1RE1LP2578ZA | B91: SMT | C91: =COUNTIF(A91:A6546,A91) -> 1 | D91: =VLOOKUP(A91,[1]Sheet1!$A:$B,2,0) -> 552
A92: 1RE2LP2578ZA | B92: SMT | C92: =COUNTIF(A92:A6547,A92) -> 1 | D92: =VLOOKUP(A92,[1]Sheet1!$A:$B,2,0) -> 639
A93: 1RH1LP2578ZA | B93: SMT | C93: =COUNTIF(A93:A6548,A93) -> 1 | D93: =VLOOKUP(A93,[1]Sheet1!$A:$B,2,0) -> 15 | E93: 2210 | F93: VC01 | G93: Auto | H93: 311 | I93: 2210 | J93: 2220 | K93: VC01
A94: 1AP1LP2578ZA | B94: DIP | C94: =COUNTIF(A94:A6549,A94) -> 1 | D94: =VLOOKUP(A94,[1]Sheet1!$A:$B,2,0) -> #N/A | E94: 2210 | F94: VC01 | G94: Auto | H94: 311 | I94: 2210 | J94: 2220 | K94: VC01
A95: 1VJ1LP2579ZA | B95: SMT | C95: =COUNTIF(A95:A6550,A95) -> 1 | D95: =VLOOKUP(A95,[1]Sheet1!$A:$B,2,0) -> #N/A
A96: 1RE1LP2579ZA | B96: SMT | C96: =COUNTIF(A96:A6552,A96) -> 1 | D96: =VLOOKUP(A96,[1]Sheet1!$A:$B,2,0) -> 546
A97: 1RE2LP2579ZA | B97: SMT | C97: =COUNTIF(A97:A6553,A97) -> 1 | D97: =VLOOKUP(A97,[1]Sheet1!$A:$B,2,0) -> 644
A98: 1RH1LP2579ZA | B98: SMT | C98: =COUNTIF(A98:A6554,A98) -> 1 | D98: =VLOOKUP(A98,[1]Sheet1!$A:$B,2,0) -> 15 | E98: 2210 | F98: VC01 | G98: Auto | H98: 311 | I98: 2210 | J98: 2310 | K98: VC01
A99: 1AP1LP2579ZA | B99: DIP | C99: =COUNTIF(A99:A6555,A99) -> 1 | D99: =VLOOKUP(A99,[1]Sheet1!$A:$B,2,0) -> #N/A | E99: 2210 | F99: VC01 | G99: Auto | H99: 311 | I99: 2210 | J99: 2310 | K99: VC01
A100: 1VJ1LP2581ZA | B100: SMT | C100: =COUNTIF(A100:A6556,A100) -> 1 | D100: =VLOOKUP(A100,[1]Sheet1!$A:$B,2,0) -> #N/A
...
